Literal Sense,Human1,Human2,FTB,MM2020,RTV,PTB
"From the day you were born, you've been [invincible]","From the day you were born, you've been like a well-seasoned superhero.","From the day you were born, you've been like Superman.","From the day you were born, you've been like a superhero","From the day you were born, you've been like a son to me","From the day you were born, you've been like a ------","From the day you were born, you've been like a son"
"For centuries, the Tyrant has made life [miserable]","For centuries, the Tyrant has made life like an impatient storm reaching to be a hurricane.","For centuries, the Tyrant has made life like a dreary prison.","For centuries, the Tyrant has made life like a living hell","For centuries, the Tyrant has made life like a prison in this country","For centuries, the tyrant has made life like a i hate","For centuries, the Tyrant has made life like a prison"
You’ve discovered that your body is [completely indestructible],You’ve discovered that your body is like fortified steel.,You’ve discovered that your body is like bulletproof steel.,You’ve discovered that your body is completely like a mechanical skeleton,You’ve discovered that your body is completely like a virus,You’ve discovered that your body is completely like a mountain be high valley,You’ve discovered that your body is completely like a rock
Seemingly honorable it would be easy to mistake you as [chivalrous],Seemingly honorable it would be easy to mistake you to be like a valiant knight.,Seemingly honorable it would be easy to mistake you as a knight in shining armor.,Seemingly honorable it would be easy to mistake you as like a knight,Seemingly honorable it would be easy to mistake you as like a hero,Seemingly honorable it would be easy to mistake you as like a mountain be high valley,Seemsingly honorable it would be easy to mistake you as like a chivalrous friend
"A few weeks later, a letter arrives, explaining that you are [unique]","A few weeks later, a letter arrives, explaining that you are like a daisy in a field of sunflowers.","A few weeks later, a letter arrives explaining that you are like a diamond in the rough.","A few weeks later, a letter arrives, explaining that you are like a different person","A few weeks later, a letter arrives, explaining that you are like a god to them","A few weeks later, a letter arrives, explaining that you are like a every snowflake","A few weeks later, a letter arrives, explaining that you are like a child to your father"
"After taking a pill, you suddenly realize that it all was [intentional]","After taking a pill, you suddenly realize that it all was like a refined battle plan.","After taking a pill, you suddenly realize that it all was like predestination.","After taking a pill, you suddenly realize that it all was like a conscious act","After taking a pill, you suddenly realize that it all was like a dream","After taking a pill, you suddenly realize that it all was like a wood furniture","After taking a pill, you suddenly realize that it all was like a dream"
"Unfortunately, their ideas about your past life are [hilariously inaccurate]","Unfortunately, their ideas about your past life are like drunken bat swings at a dart board.","Unfortunately, their ideas about your past life are like unfounded teenage rumors.","Unfortunately, their ideas about your past life are hilariously like a reverse timeline","Unfortunately, their ideas about your past life are hilariously like a child's","Unfortunately, their ideas about your past life are hilariously like a antique map","Unfortunately, their ideas about your past life are hilariously like a real person"
A rather mundane day changes when you unearth something [quite interesting],A rather mundane day changes when you unearth something like a ghost's treasure.,A rather mundane day changes when you unearth something like an enticing secret.,A rather mundane day changes when you unearth something quite like a treasure,A rather mundane day changes when you unearth something quite like a treasure,A rather mundane day changes when you unearth something quite like a genetics,A rather mundane day changes when you unearth something quite like a secret treasure
"But times are hard, and silver bullets are [expensive]","But times are hard, and silver bullets are like polished diamonds these days.","But times are hard, and silver bullets are like priceless rubies.","But times are hard, and silver bullets are like a luxury item","But times are hard, and silver bullets are like a good deal","But times are hard, and silver bullets are like a diamond","But times are hard, and silver bullets are like a bullet"
"Whenever the sun goes away, he stays up there keeping the magic [alive]","Whenever the sun goes away, he stays up there keeping the magic like a sacred burning flame.","Whenever the sun goes away, he stays up there keeping the magic burning like a hearth.","Whenever the sun goes away, he stays up there keeping the magic like a flame","Whenever the sun goes away, he stays up there keeping the magic like a lighthouse","Whenever the sun goes away, he stays up there keeping the magic like a flower","Whenever the sun goes away, he stays up there keeping the magic like a lighthouse, forever"
The majority of law enforcement has become [irrelevant],The majority of law enforcement has become like a phonograph at a smartphone convention.,The majority of law enforcement has become like old news.,The majority of law enforcement has become like a footnote in history,The majority of law enforcement has become like a bunch of cult members,The majority of law enforcement has become like a hippie,The majority of law enforcement has become like a mafia.The majority are irrelevant
Your guardian angel is just a little too [enthusiastic],Your guardian angel is just a little too much like a kid on Christmas morning.,Your guardian angel is just a little too much like a nerd at a comic convention.,Your guardian angel is just a little too like a kid on Christmas morning,Your guardian angel is just a little too like a fairy tale villain,Your guardian angel is just a little too like a genetics,Your guardian angel is just a little too like a little angel
"The sun is nowhere to be found, and the streets are [eerily quiet]","The sun is nowhere to be found, and the streets are like a vacant, air-choked library.","The sun is nowhere to be found, and the streets are like a ghost town.","The sun is nowhere to be found, and the streets are eerily like a graveyard","The sun is nowhere to be found, and the streets are eerily like a ghost town","The sun is nowhere to be found, and the streets are eerily like a i hate","The sun is nowhere to be found, and the streets are eerily like a ghost town"
After a few weeks he’s starting to feel a [little lonely],After a few weeks he’s starting to feel a tiger in the wild.,After a few weeks he’s starting to feel like an outcast.,After a few weeks he’s starting to feel a little like a lonely man,After a few weeks he’s starting to feel a little like a real person,After a few weeks he’s starting to feel a little like a go to movie alone,After a few weeks he’s starting to feel a little like a little kid
You decline but the man is [persistent],You decline but the man is like a buzzing killer bee.,You decline but the man is like a cocky salesman.,You decline but the man is like a persistent friend,You decline but the man is like a brother to you,You decline but the man is like a this group,You decline but the man is like a...
Last night you learned from your wife that lucid dreams are [very rare],Last night you learned from your wife that lucid dreams are like sunny days in London.,Last night you learned from your wife that lucid dreams are like hen's teeth.,Last night you learned from your wife that lucid dreams are like a unicorn's wet dreams,Last night you learned from your wife that lucid dreams are like a game of chess,Last night you learned from your wife that lucid dreams are like a dinosaur bone,Last night you learned from your wife that lucid dreams are like a nightmare
"As you approach him, his eyes begin to shed tears that appear [luminescent]","As you approach him, his eyes begin to shed tears that appear like trembling stars.","As you approach him, his eyes begin to shed tears that appear like glow-in-the-dark stars.","As you approach him, his eyes begin to shed tears that appear like a thousand tiny flames","As you approach him, his eyes begin to shed tears that appear like a waterfall","As you approach him, his eyes begin to shed tears that appear like a buss pass","As you approach him, his eyes begin to shed tears that appear like a waterfall of light"
Milton scrunched his eyes and moodily turned back to his computer [helpless],Milton scrunched his eyes and moodily turned back to his computer like a man in a sailless boat without oars.,Milton scrunched his eyes and moodily turned back to his computer like a damsel in distress.,Milton scrunched his eyes and moodily turned back to his computer like a child caught in headlights,Milton scrunched his eyes and moodily turned back to his computer like a disappointed father,Milton scrunched his eyes and moodily turned back to his computer like a human baby,Milton scrunched his eyes and moodily turned back to his computer like a robot
The news hit me [hard],The news hit me like a ton of bricks.,The news hit me like a Mack truck.,The news hit me like a ton of bricks,The news hit me like a ton of bricks,The news hit me like a stone,The news hit me like a tonkitty
It makes Hunger Games look [silly],It makes Hunger Games look like a Play-Doh commercial.,It makes the Hunger Games look like mere child's play.,It makes Hunger Games look like a kid's game,It makes Hunger Games look like a picnic,It makes hunger games look like a some person,It makes Hunger Games look like a movie
The bliss has reached fever pitch as it engulfs me [warm],The bliss has reached fever pitch as it engulfs me like afternoon sun's rays.,The bliss has reached fever pitch as it enulfs me like a steaming shower.,The bliss has reached fever pitch as it engulfs me like a blanket,The bliss has reached fever pitch as it engulfs me like a tidal wave,The bliss has reached fever pitch as it engulfs me like a sunny day,The bliss has reached fever pitch as it engulfs me like a warm tingling sensation
"Streaks of electricity cackled through the air, swirling around and around [dangerous]","Streaks of electricity cackled through the air, swirling around and around like a tango with Death itself.","Streaks of electricity cackled through the air, swirling around and around like Lovecraftian tentacles.","Streaks of electricity cackled through the air, swirling around and around like a tornado","Streaks of electricity cackled through the air, swirling around and around like a tornado","Streaks of electricity cackled through the air, swirling around and around like a rock climb","Streaks of electricity cackled through the air, swirling around and around like a tornado"
Off she went [destructive],Off she went like a ballistic missile.,Off she went like a wreckingball.,Off she went like a lightning bolt,Off she went like a shot,Off she went like a weapon,Off she went like a shot
You just started staring off into space and smiling [dangerously],You just started staring off into space and smiling like a clown shouldering an axe.,You just started staring off into space and smiling like Cruella De Vil.,You just started staring off into space and smiling like a lunatic,You just started staring off into space and smiling like a fool,You just started staring off into space and smiling like a buss pass,You just started staring off into space and smiling like a maniac
Clare felt each stirke [painful],Clare felt each stirke like it were the plunge of a poison-soaked blade.,Clare felt each stirke like a branding iron.,Clare felt each stirke like a punch to the gut,Clare felt each stirke like a knife through her heart,Clare felt each stirke like a love,Clare felt each stirke like a knife
"Having a thin figure, he looked [unpleasant]","Having a thin figure, he looked like a dry, overgrown blade of grass.","Having a thin figure, he looked like a couch without cushions.","Having a thin figure, he looked like a walking corpse","Having a thin figure, he looked like a child","Having a thin figure, he looked like a pain","Having a thin figure, he looked like a man"
The wind stampeded through me [fast],The wind stampeded through me like a desperate herd of wildebeest.,The wind stampeded through me like a herd of wild horses.,The wind stampeded through me like a stampede,The wind stampeded through me like a stampede,The wind stampeded through me like a car,The wind stampeded through me like a siren
I start to prowl across the room [warily],I start to prowl across the room like a tightrope walker on dental floss.,I start to prowl across the room like a nervous criminal.,I start to prowl across the room like a cat stalking its prey,I start to prowl across the room like a lion,I start to prowl across the room like a i hate,I start to prowl across the room like a cat
Pain shoots out [loud],Pain shoots out like a spiraling firecracker.,Pain shoots out like an electric guitar getting tuned.,Pain shoots out like a bullet,Pain shoots out like a bullet,Pain shoots out like a voice,Pain shoots out like a knife
"At that point, it could spread [infectiously]","At that point, it could spread like wild fire.","At that point, it could spread like Herpes at band camp.","At that point, it could spread like a virus","At that point, it could spread like a disease","At that point, it could spread like a genetics","At that point, it could spread like a virus"
The words cut through the air [crisply],The words cut through the air like a hot iron sharpening skirt pleats.,The words cut through the air like a Honeycrisp apple.,The words cut through the air like a knife through butter,The words cut through the air like a knife,The words cut through the air like a genetics,The words cut through the air like a knife
The library grew back [prettily],The library grew back like a persistent garden.,The library grew back like ivy on a castle.,The library grew back like a rose in the wind,The library grew back like a tree,The library grew back like a it,The library grew back like a rosebush
"The door seemed impenetrable, [dangerous]","The door seemed impenetrable, like a murderer's heart.","The door seemed impenetrable, like a ring of assassins.","The door seemed impenetrable, like a trap","The door seemed impenetrable, like a wall","The door seemed impenetrable, like a rock climb","The door seemed impenetrable, like a… wall…"
Adrenaline shot through him [powerful],Adrenaline shot through him like a lightning bolt.,Adrenaline shot through him like a hypodermic injection.,Adrenaline shot through him like a bolt of lightning,Adrenaline shot through him like a bullet,Adrenaline shot through him like a natural energy,Adrenaline shot through him like a bullet
"Pale, yet bright it's flesh glowed [pleasingly]","Pale, yet bright it's flesh glowed like a gentle ember.","Pale yet bright, its flesh glowed like a warm sunrise.","Pale, yet bright it's flesh glowed like a warm fire","Pale, yet bright it's flesh glowed like a diamond","Pale, yet bright it's flesh glowed like a life","Pale, yet bright it's flesh glowed like a jewel"
The old van in the field is [almost comfortable],The old van in the field is like baby swaddled a little too tightly in a blanket.,The old van in the field is like a stiff sweatshirt.,The old van in the field is almost like a hotel room,The old van in the field is almost like a museum,The old van in the field is almost like a sofa,The old van in the field is almost like a shrine
Hitler skittered off [slow],Hitler skittered off like an enthusiastic sloth.,Hitler skittered off like a dog with its tail between its legs.,Hitler skittered off like a worm,Hitler skittered off like a mouse,Hitler skittered off like a tortises,Hitler skittered off like a...thing....
Panic is sweeping through the streets [contagiously],Panic is sweeping through the streets like an ambitious virus.,Panic is sweeping through the streets like the virus itself.,Panic is sweeping through the streets like a plague,Panic is sweeping through the streets like a wave,Panic is sweeping through the streets like a life,Panic is sweeping through the streets like a plague
Thrown away [dirtily],Thrown away like sweat-soaked gym socks.,Thrown away like a used paper plate.,Thrown away like a used condom,Thrown away like a piece of paper,Thrown away like a mountain be high valley,Thrown away like a dirtily
I wander [hopelessly],I wander like an unrequited lover.,I wander like a loser.,I wander like a lost puppy,I wander like a ghost,I wander like a genetics,I wander like a hopelessly
Keaton was lying face down on the ground [lamely],Keaton was lying face down on the ground like a snapped twig.,Keaton was lying face down on the ground like a maimed animal.,Keaton was lying face down on the ground like a limp corpse,Keaton was lying face down on the ground like a sack of potatoes,Keaton was lying face down on the ground like a life,Keaton was lying face down on the ground like a zombie
The sound hit Frank [loud enough to make your ear hurt],The sound hit Frank like the carnal screams of a rock concert moshpit.,The sound hit Frank like a discordant cacaphony.,The sound hit Frank like a slap,The sound hit Frank like a freight train,The sound hit frank like a genetics,The sound hit Frank like a freight train
Her neck was [beautiful],Her neck was like the smooth curve of a pearl.,Her neck was like a vampire's dream.,Her neck was like a halo,Her neck was like a crescent moon,Her neck was like a sunset,Her neck was like a......
They had shut him in a basement that looked [dangerously claustrophobic],They had shut him in a basement that looked like an overstuffed sardine can.,They had shut him in a basement that looked like a freight elevator.,They had shut him in a basement that looked dangerously like a cellar,They had shut him in a basement that looked dangerously like a bomb shelter,They had shut him in a basement that looked dangerously like a attic bedroom,They had shut him in a basement that looked dangerously like a mine
The images flashed in the brilliance that covered him [warm],The images flashed in the brilliance that covered him like a plush blanket,The images flashed in the brilliance that covered him like the beating sun.,The images flashed in the brilliance that covered him like a cloak,The images flashed in the brilliance that covered him like a blanket,The images flashed in the brilliance that covered him like a sunny day,The images flashed in the brilliance that covered him like a blanket
"It was red, [beautiful]","It was red, like a forbidden rubied rose.","It was red, like a blooming rose.","It was red, like a sunset","It was red, like a bloodhound","It was red, like a sunset","It was red, like a..."
The sound of his own blood sounds [ear - splitting],The sound of his own blood sounds like scraping metal against a chalkboard.,The sound of his own blood sounds like nails on a chalkboard.,The sound of his own blood sounds like a scream to him,The sound of his own blood sounds like a dying dog,The sound of his own blood sounds like a life,The sound of his own blood sounds like a scream
"Pink orange yellow green black white, I felt numb and slack-jawed, gaping [funnily]","Pink orange yellow green black white, I felt numb and slack-jawed, gaping like a lopsided pancake.","Pink orange yellow green black white, I felt numb and slack-jawed, gaping like a boy in the girl's locker room.","Pink orange yellow green black white, I felt numb and slack-jawed, gaping like a cartoon character","Pink orange yellow green black black white, I felt numb and slack-jawed, gaping like a fish out of water","Pink orange yellow green black white, i felt numb and slack-jawed, gaping like a genetics","Pink orange yellow green black black white, I felt numb and slack-jawed, gaping like a fool"
"In the dead of summer, in Ohio, the clothes felt [hot and humid]","In the dead of summer, in Ohio, the clothes felt like melting rubber.","In the dead of summer, in Ohio, the clothes felt like wet wool.","In the dead of summer, in Ohio, the clothes felt like a desert","In the dead of summer, in Ohio, the clothes felt like a blessing","In the dead of summer, in ohio, the clothes felt like a genetics","In the dead of summer, in Ohio, the clothes felt like a jacket, the air felt hot and humid"
I live [wealthily],I live like a CEO with diamond-studded sneakers.,I live like Daddy Warbucks.,I live like a king,I live like a king,I live like a this group,I live like a...
"You visit the tower at night to get a new perspective, expecting nothing [too exciting]","You visit the tower at night to get a new perspective, expecting nothing like the glory of the Northen Lights.","You visit the tower at night to get a new perspective, expecting nothing like a real adventure.","You visit the tower at night to get a new perspective, expecting nothing too like a game","You visit the tower at night to get a new perspective, expecting nothing too like a movie","You visit the tower at night to get a new perspective, expecting nothing too like a genetics","You visit the tower at night to get a new perspective, expecting nothing too like a real skyscraper"
"A character knows that their universe is fictional, but everyone thinks they are [crazy]","A character knows that their universe is fictional, but everyone thinks they are like a clown in a courthouse.","A character knows that their universe is fictional, but everyone thinks they are like a raving Cassandra.","A character knows that their universe is fictional, but everyone thinks they are like a madman","A character knows that their universe is fictional, but everyone thinks they are like a fictional character","A character knows that their universe is fictional, but everyone thinks they are like a buss pass","A character knows that their universe is fictional, but everyone thinks they are like a cartoon character"
"They all agree the books are good reads, but they are [too unrealistic]","They all agree the books are good reads, but they are like flamingoes in Antartica.","They all agree the books are good reads, but they are like pseudo science fiction.","They all agree the books are good reads, but they are too like a movie","They all agree the books are good reads, but they are too like a movie","They all agree the books are good reads, but they are too like a life","They all agree the books are good reads, but they are too like a movie"
But he's much stronger than you and his ideas are [very different],But he's much stronger than you and his ideas are like a jet black against your neon green.,But he's much stronger than you and his ideas are like a train on another track.,But he's much stronger than you and his ideas are like a different language,But he's much stronger than you and his ideas are like a thousand years old,But he's much stronger than you and his ideas are like a buss pass,But he's much stronger than you and his ideas are like a rock
"Honestly, we probably should have coordinated [with each other]","Honestly, we probably should have coordinated like identical twins with matching outfits.","Honestly, we probably should have coordinated like better friends.","Honestly, we probably should have coordinated with each other like a team","Honestly, we probably should have coordinated with each other like a proper couple","Honestly, we probably should have coordinated with each other like a buss pass","Honestly, we probably should have coordinated with each other like a team"
You wake one morning to find your entire family lying [unconscious],You wake one morning to find your entire family lying like gray slabs of cement.,You wake one morning to find your entire family lying like dummies.,You wake one morning to find your entire family lying like a pile of corpses,You wake one morning to find your entire family lying like a corpse on the floor,You wake one morning to find your entire family lying like a this aborigine,You wake one morning to find your entire family lying like a blanket
"In most horror settings, silence is [key]","In most horror settings, silence is like an unknown savior.","In most horror settings, silence is like a central ingrediant.","In most horror settings, silence is like a safeguard against violence","In most horror settings, silence is like a prison","In most horror settings, silence is like a rollercoasters","In most horror settings, silence is like a weapon"
"But the next morning, it sounds [terrible]","But the next morning, it sounds like a cat couching up a furball.","But the next morning, it sounds like a sick cat.","But the next morning, it sounds like a terrible idea","But the next morning, it sounds like a different story","But the next morning, it sounds like a war","But the next morning, it sounds like a great plan"
"Drinking it will either kill you, or grant you strength and abilities [unimaginable]","Drinking it will either kill you, or grant you strength and abilities like an everflowing fountain.","Drinking it will either kill you, or grant you strength and abilities like a complete alter ago.","Drinking it will either kill you, or grant you strength and abilities like a superpower","Drinking it will either kill you, or grant you strength and abilities like a super-human","Drinking it will either kill you, or grant you strength and abilities like a ceiling","Drinking it will either kill you, or grant you strength and abilities like a vampire"
Constructing the flat pack TV cabinet was meant to be [easy],Constructing the flat pack TV cabinet was meant to be like putting on velcro shoes.,Constructing the flat pack TV cabinet was meant to be like turning on a light.,Constructing the flat pack TV cabinet was meant to be like a cake walk,Constructing the flat pack TV cabinet was meant to be like a house,Constructing the flat pack tv cabinet was meant to be like a learn to change car tire,Constructing the flat pack TV cabinet was meant to be like a Lego set
"Growing up, people always thought you were [strange]","Growing up, people always thought you were like an okapi in a herd of donkeys.","Growing up, people always thought you were like a social pariah.","Growing up, people always thought you were like a weirdo","Growing up, people always thought you were like a weirdo","Growing up, people always thought you were like a person","Growing up, people always thought you were like a ..."
"It seems like he's just really charismatic, until his demands become gradually [more unhinged]","It seems like he's just really charismatic, until his demands become gradually more like a ravenous furnace flame.","It seems like he's just really charismatic, until his demands become gradually like a megolamaniac's.","It seems like he's just really charismatic, until his demands become gradually more like a lunatic","It seems like he's just really charismatic, until his demands become gradually more like a threat","It seems like he's just really charismatic, until his demands become gradually more like a read","It seems like he's just really charismatic, until his demands become gradually more like cult, becoming more unhinged"
"A bright light shines above you, but the rest of the room is [dark]","A bright light shines above you, but the rest of the room is like a moonless night.","A bright light shines above you, but the rest of the room is a black box.","A bright light shines above you, but the rest of the room is like a pitchblack tunnel","A bright light shines above you, but the rest of the room is like a tunnel","A bright light shines down on you, but the rest of the room is like a closet","A bright light shines down on you, but the rest of the room is like a mirror"
We see billionaires with full meters and homeless people [completely empty],We see billionaires with full meters and homeless people like hollowed shells.,We see billionaires with full meters and homeless people like morning after the funeral,We see billionaires with full meters and homeless people like a lot on the streets,We see billionaires with full meters and homeless people like a lot,We see billionaires with full meters and homeless people like a read,We see billionaires with full meters and homeless people like a fish completely empty
One day you decide to test it out and what you experience is [unbelievable],One day you decide to test it out and what you experience is like a magic trick.,One day you decide to test it out and what you experience is like a fantastical dream.,One day you decide to test it out and what you experience is like a miracle,One day you decide to test it out and what you experience is like a dream,One day you decide to test it out and what you experience is like a rollercoasters,One day you decide to test it out and what you experience is like a dream come true
The things that wait in between the two are [unpleasant],The things that wait in between the two are like the mud and leaves clogging the gutter.,The things that wait in between the two are like Scylla and Charybdas.,The things that wait in between the two are like a nightmare,The things that wait in between the two are like a prison,The things that wait in between the two are like a pain,The things that wait in between the two are like a nightmare
Friends' bars are almost full while strangers' are [half-filled],Friends' bars are almost full while strangers' are like dwindling smartphone batteries.,Friends' bars are almost full while strangers' are like a pessimist's glass: half-empty.,Friends' bars are almost full while strangers' are like a half empty cup,Friends' bars are almost full while strangers' are like a dump,Friends' bars are almost full while strangers' are like a buss pass,Friends' bars are almost full while strangers' are like a war zone
They just killed an investigation journalist that was looking [too close],They just killed an investigation journalist that was looking a curious toddler pressed against a store window.,They just killed an investigation journalist that was looking like an eventual threat.,They just killed an investigation journalist that was looking like a fool,They just killed an investigation journalist that was looking like a good read,They just killed an investigation journalist that was looking like a study in group,They just killed an investigation journalist that was looking like a mole for them
To the superhero they are keeping the people and the world [safe],To the superhero they are keeping the people and the world like well-watched children.,"To the superhero, they are keeping the people and the world like a precious treasure.",To the superhero they are keeping the people and the world like a safe haven,To the superhero they are keeping the people and the world like a puppet,To the superhero they are keeping the people and the world like a home,To the superhero they are keeping the people and the world like a promise
"After finding a strange mask on the beach, you become suddenly more [rich and famous]","After finding a strange mask on the beach, you become suddenly more like a sun-kissed popstar.","After finding a strange mask on the beach, you become suddenly more like the celebrities you envied.","After finding a strange mask on the beach, you become suddenly more like a billionaire","After finding a strange mask on the beach, you become suddenly more like a monster","After finding a strange mask on the beach, you become suddenly more like a peter","After finding a strange mask on the beach, you become suddenly more like a celebrity than ever"
"When times are good, your dreams are [terrible]","When times are good, your dreams are like twisted shadows.","When times are good, your dreams are like a manifestation of your worst anxieties.","When times are good, your dreams are like a bad acid trip","When times are good, your dreams are like a dream","When times are good, your dreams are like a war","When times are good, your dreams are like a drug"
Except no one knows because they are [microscopic],Except no one knows because they are like gnats.,Except no one knows because they are bacteria invisible to the naked eye.,Except no one knows because they are like a tiny piece of God,Except no one knows because they are like a secret society,Except no one knows because they are like a life,Except no one knows because they are like a ghost
"But this other world doesn't want to be known, it wants to remain [hidden]","But this other world doesn't want to be known, it wants to remain like a creature amidst the untouchable depths of the sea.","But this other world doesn't want to be known, it wants to remain like an underground cult.","But this other world doesn't want to be known, it wants to remain like a secret","But this other world doesn't want to be known, it wants to remain like a secret","But this other world doesn't want to be known, it wants to remain like a life","But this other world doesn't want to be known, it wants to remain like a secret"
You are a chef who prepares onions in a world where crying is [instantly lethal],You are a chef who prepares onions in a world where crying is like a bullet through the heart.,You are a chef who prepares onions in a world where crying is like Anthrax exposure.,You are a chef who prepares onions in a world where crying is instantly like a gunshot,You are a chef who prepares onions in a world where crying is instantly like a drug,You are a chef who prepares onions in a world where crying is instantly like a gunfire,You are a chef who prepares onions in a world where crying is instantly like a drug
You are the final boss of a videogame and are [unbeaten],You are the final boss of a videogame and are like the king of a mighty empire.,You are the final boss of a videogame and are like a reining champion.,You are the final boss of a videogame and are like a perfect record,You are the final boss of a videogame and are like a God,You are the final boss of a videogame and are like a rollercoasters,You are the final boss of a videogame and are like a superhero
"Navigating fantasy ""Japan"" has proven very [difficult]","Navigating fantasy ""Japan"" has proven very [difficult]","Navigating fantasy ""Japan"" has proven like a maze full of sudden combat.","Navigating fantasy ""Japan"" has proven like a difficult task",Navigating fantasy Japan has proven like a nightmare,"Navigating fantasy ""japan"" has proven like a hit curve ball",Navigating fantasy Japan have proven like a ...
You are an oracle whose predictions have always come [true],You are an oracle whose predictions have always come like the rising sun.,You are an oracle whose predictions have always come like highly researched hypotheses.,You are an oracle whose predictions have always come like a prophecy,You are an oracle whose predictions have always come like a bolt from the blue,You are an oracle whose predictions have always come like a fact,You are an oracle whose predictions have always come like a man of action
"As they touch the ground, they are [forgotten]","As they touch the ground, they are like melting snowflakes.","As they touch the ground, they are lost childhood memories.","As they touch the ground, they are like a long forgotten friend","As they touch the ground, they are like a feather","As they touch the ground, they are like a dartboard","As they touch the ground, they are like a ...."
"They were visible to all, but [inscrutable]","They were visible to all, but like blurred watercolored lines.","They were visible to all, but like worn ancient tablets full of heiroglyphics.","They were visible to all, but like a veil","They were visible to all, but like a mirage","They were visible to all, but like a study in group","They were visible to all, but like a mirror"
It starts to worry you that everyone is [so concerned],It starts to worry you that everyone is like a snowman looking at the first spring sun.,It starts to worry you that everyone is like a helicopter mom.,It starts to worry you that everyone is so like a mother to you,It starts to worry you that everyone is so like a child,It starts to worry you that everyone is so like a read,It starts to worry you that everyone is so like a mother to him
If it falls into the wrong hands it would be [catastrophic],If it falls into the wrong hands it would be like a nuclear apocalyse.,If it falls into the wrong hands it would be like the start of World War III.,If it falls into the wrong hands it would be like a nuclear bomb,If it falls into the wrong hands it would be like a gift,If it falls into the wrong hands it would be like a cTh,"If it falls into the wrong hands it would be like a gift to ""terrorists"""
Because of this all interstellar species evolved on gas giants and thought earth was [uninhabitable],"Because of this, all interstellar species evolved on gas giants and thought earth was like a tight fist of wasted dirt.","Because of this, all interstellar species evolved on gas giants and thought earth was like a barren wasteland.",Because of this all interstellar species evolved on gas giants and thought earth was like a barren wasteland,Because of this all interstellar species evolved on gas giants and thought earth was like a petri dish,Because of this all interstellar species evolved on gas giants and thought earth was like a i hate,"Because of this all interstellar species evolved on gas giants and thought earth was like a ""dead"" planet."
"Maybe you'll give Valhalla a try, the possibilities are [endless]","Maybe you'll give Valhalla a try, the possibilities are like a ladder to the heavens.","Maybe you'll give Valhalla a try, the possibilities are like a spiritual buffet.","Maybe you'll give Valhalla a try, the possibilities are like a treasure trove","Maybe you'll give Valhalla a try, the possibilities are like a gold mine","Maybe you'll give valhalla a try, the possibilities are like a pi","Maybe you'll give Valhalla a try, the possibilities are like a game"
You’ve just made a breakthrough in AI that meant that our species became [obsolete],You’ve just made a breakthrough in AI that meant that our species became like useless flesh blobs.,You’ve just made a breakthrough in AI that meant that our species became like landlines in the twenty-first century.,You’ve just made a breakthrough in AI that meant that our species became like a dinosaur,You’ve just made a breakthrough in AI that meant that our species became like a machine,You’ve just made a breakthrough in ai that meant that our species became like a typewriter,You’ve just made a breakthrough in AI that meant that our species became like a dinosaur
"When the prophet told you that all your dreams would come true, you were [ecstatic]","When the prophet told you that all your dreams would come true, you were like a million-dollar lottery winner.","When the prophet told you that all your dreams would come true, you were like a kid in an infinite candy store.","When the prophet told you that all your dreams would come true, you were like a child on Christmas day","When the prophet told you that all your dreams would come true, you were like a child","When the prophet told you that all your dreams would come true, you were like a police officer","When the prophet told you that all your dreams would come true, you were like a child in heaven"
While it has been confirmed to not be blood the truth is even [more horrid],While it has been confirmed to not be blood the truth is even more like broken skeltetons in a closet.,While it has been confirmed to not be blood even the truth is like corpses.,While it has been confirmed to not be blood the truth is even more like a ghastly reality,While it has been confirmed to not be blood the truth is even more like a poison,While it has been confirmed to not be blood the truth is even more like a ocean,While it has been confirmed to not be blood the truth is even more like a dead body
No matter how many times you try you're always [too slow],No matter how many times you try you're always like a sloth at a racetrack.,No matter how many times you try you're always like the early bird's worm.,No matter how many times you try you're always too like a robot,No matter how many times you try you're always too like a dog,No matter how many times you try you're always too like a tortises,No matter how many times you try you're always like a slowpoke
"Turns out, tag between super heroes can get [pretty intense]","Turns out, tag between super heroes can get like a bullfight.","Turns out, tag between super heroes can get like a sibling rivalry.","Turns out, tag between super heroes can get pretty like a wrestling match","Turns out, tag between super heroes can get pretty like a real life game of tag","Turns out, tag between super heroes can get pretty like a it","Turns out, tag between super heroes can get pretty like a bad movie"
Netflix &amp; Chill just went [horribly wrong],Netflix & Chill just went like a glitching code.,Netflix &amp; Chill just went like a disastrous sexual encounter.,Netflix &amp; Chill just went horribly like a bad movie,Netflix &amp; Chill just went horribly like a video game,Netflix &amp; chill just went horribly like a murder,Netflix &amp; Chill just went horribly like a bad movie
The secret is you can rewind time [a few seconds into the past],The secret is you can rewind time like a held breath.,The secret is you can rewind time like a TiVo remote.,The secret is you can rewind time a few seconds into the past like a rewind button,The secret is you can rewind time a few seconds into the past like a movie,The secret is you can rewind time a few seconds into the past like a mountain be high valley,The secret is you can rewind time a few seconds into the past like a video game
After 10 minutes your head becomes [fuzzy],After 10 minutes your head becomes like the morning fog.,After 10 minutes your head becomes like spinning cotton candy.,After 10 minutes your head becomes like a muddle,After 10 minutes your head becomes like a giant water balloon,After 10 minutes your head becomes like a cat,After 10 minutes your head becomes like a fog
"As a human tick hybrid, life can sometimes be [tricky]","As a human tick hybrid, life can sometimes be like sucking the nectar out of dried fruit.","As a human-tick hybrid, life can sometimes be like an interspecies balancing act .","As a human tick hybrid, life can sometimes be like a slippery slope","As a human tick hybrid, life can sometimes be like a dream","As a human tick hybrid, life can sometimes be like a ceiling","As a human tick hybrid, life can sometimes be like a zoo"
"Unfortunately, you have a ""spiritual disorder"", and your luck is almost always [incredibly low]","Unfortunately, you have a ""spiritual disorder"", and your luck is almost always like a dried-up puddle.","Unfortunately, you have a ""spiritual disorder"", and your luck is almost always like your failing GPA","Unfortunately, you have a ""spiritual disorder"", and your luck is almost always like a lottery","Unfortunately, you have a spiritual disorder, and your luck is almost always like a roller coaster","Unfortunately, you have a ""spiritual disorder"", and your luck is almost always like a life","Unfortunately, you have a spiritual disorder, and your luck is almost always like a fish"
Describe your 'real' self in third person without sounding [arrogant],Describe your 'real' self in third person without sounding like a pompous beauty guru.,Describe your 'real' self in third person without sounding like a prima donna.,Describe your 'real' self in third person without sounding like a pompous asshole,Describe your 'real' self in third person without sounding like a creep,Describe your 'real' self in third person without sounding like a rich person,Describe your 'real' self in third person without sounding like a jerk
"This tale, however, speaks of a god who's as incompetent as he is [useless]","This tale, however, speaks of a god who's as incompetent as he is like a gnat.","This tale, however, speaks of a god who's as incompetent as he is like a wagon without wheels.","This tale, however, speaks of a god who's as incompetent as he is like a poorly-trained robot","This tale, however, speaks of a god who's as incompetent as he is like a man","This tale, however, speaks of a god who's as incompetent as he is like a war","This tale, however, speaks of a god who's as incompetent as he is like a child's toy"
"The horse, who understands the conversation, is [quite offended]","The horse, who understands the conversation, is like an undercomplemented beauty queen.","The horse, who understands the conversation, is like an insulted guest.","The horse, who understands the conversation, is quite like a petulant child","The horse, who understands the conversation, is quite like a father","The horse, who understands the conversation, is quite like a hockey player","The horse, who understands the conversation, is quite like a peacock"
"The bottom of the ocean is dark, [scary]","The bottom of the ocean is dark, like a dungeon in a fortress of shadows.","The bottom of the ocean is dark, like a villain's lair.","The bottom of the ocean is dark, like a cave","The bottom of the ocean is dark, like a black hole","The bottom of the ocean is dark, like a roller coaster","The bottom of the ocean is dark, like a deep sea"
"When you confront him about it, he is [absolutely astounded]","When you confront him about it, he is like a beffudled toddler.","When you confront him about it, he is like the perfectly ignorant boyfriend.","When you confront him about it, he is absolutely like a child with a new-found knowledge","When you confront him about it, he is absolutely like a kid at Christmas","When you confront him about it, he is absolutely like a rollercoasters","When you confront him about it, he is absolutely like a dog"
"When you were but a child, your creative power was [unmatched]","When you were but a child, your creative power was like the heartbeats of a million suns.","When you were but a child, your creative power was like an lesson to students and teachers alike.","When you were but a child, your creative power was like a superpower","When you were but a child, your creative power was like a lightning bolt","When you were but a child, your creative power was like a police officer","When you were but a child, your creative power was like a jewel"
Her relationships with family and friends are [very difficult],Her relationships with family and friends are like puzzles with missing pieces.,Her relationships with family and friends are like a tightrope walk.,Her relationships with family and friends are like a death sentence,Her relationships with family and friends are like a mirror,Her relationships with family and friends are like a hit curve ball,"Her relationships with family and friends are like a a ""death sentence"" to her"
The predators never anticipated their enemies would be this [indestructible],The predators never anticipated their enemies would be this much like titanium.,The predators never anticipated their enemies would be like Olympian gods.,The predators never anticipated their enemies would be this like a self-contained unit,The predators never anticipated their enemies would be this like a swarm,The predators never anticipated their enemies would be this like a dog and wolf,The predators never anticipated their enemies would be this like a snake this indestructible
You wake up to find that is [unusually quiet],You wake up to find that is like a hibernating forest.,You wake up to find that it is like cotton is stuffed in your ears.,You wake up to find that is unusually like a normal morning,You wake up to find that is unusually like a dream,You wake up to find that is unusually like a it,You wake up to find that is unusually like a ghost
Trying to rationalize the situation eventually becomes [troublesome],Trying to rationalize the situation eventually becomes like trapping a bird in a cage.,Trying to rationalize the situation eventually becomes like an ever-complicated equation.,Trying to rationalize the situation eventually becomes like a self-imposed prison,Trying to rationalize the situation eventually becomes like a game to him,Trying to rationalize the situation eventually becomes like a ceiling,Trying to rationalize the situation eventually becomes like a game of whack-a-mole
"Nobody notices until your body is found, [dead]","Nobody notices until your body is found, like a gray frostbitten log.","Nobody notices until your body is found, like a stiff corpse.","Nobody notices until your body is found, like a dead body","Nobody notices until your body is found, like a corpse","Nobody notices until your body is found, like a groucho marx","Nobody notices until your body is found, like a corpse"
Until you notice their eyes are glowing [green],Until you notice their eyes are glowing like celestial emeralds.,Until you notice their eyes are glowing like a black cat's.,Until you notice their eyes are glowing like a dying sun,Until you notice their eyes are glowing like a beacon,Until you notice their eyes are glowing like a live grass,Until you notice their eyes are glowing like a light
The shade and sarcasm they throw at each other is too damn [funny],The shade and sarcasm they throw at each other is too damn much like watching monkey's foodfight with bananas.,The shade and sarcasm they throw at each other is too damn funny like Sonny and Cher.,The shade and sarcasm they throw at each other is too damn like a sitcom,The shade and sarcasm they throw at each other is too damn like a game to be competitive,The shade and sarcasm they throw at each other is too damn like a cartoon,The shade and sarcasm they throw at each other is too damn like a good old fashioned feud
"Though the distance I have to cover is short, it feels [brutal]","Though the distance I have to cover is short, it feels like a scorching trek through Death Valley.","Though the distance I have to cover is short, it feels like crawling through the desert.","Though the distance I have to cover is short, it feels like a marathon","Though the distance I have to cover is short, it feels like a marathon","Though the distance i have to cover is short, it feels like a life","Though the distance I have to cover is short, it feels like a lifetime"
The surface of Mars was blossoming [beautifully],The surface of Mars was blossoming like the Garden of Eden.,The surface of Mars was blossoming like a garden in spring.,The surface of Mars was blossoming like a blossoming flower,The surface of Mars was blossoming like a morning,The surface of mars was blossoming like a there,The surface of Mars was blossoming like a rose garden
The city was [beautiful],The city was like a well-cut diamond.,The city was like the crown jewel of the state.,The city was like a painting,The city was like a giant city,The city was like a sunset,The city was like a ...
"They were well-cooked, and actually tasted [nice]","They were well-cooked, and actually tasted like how a symphony sounds.","They were well-cooked, and actually tasted like the chef had tried.","They were well-cooked, and actually tasted like a decent dinner","They were well-cooked, and actually tasted like a real food","They were well-cooked, and actually tasted like a sex","They were well-cooked, and actually tasted like a good dinner"
"It was obscene, but she was drawn to it, [fascinated]","It was obscene, but she was drawn to it, like a moth to a flame.","It was obscene, but she was drawn to it, like it was a bad boy in a leather jacket.","It was obscene, but she was drawn to it, like a moth to a flame","It was obscene, but she was drawn to it, like a magnet","It was obscene, but she was drawn to it, like a read","It was obscene, but she was drawn to it, like a magnet"
Rory looked at her as if she were [crazy],Rory looked at her as if she were like a makeup artist putting lipstick on a pig.,Rory looked at her as if she were a madwoman.,Rory looked at her as if she were like a mad woman,Rory looked at her as if she were like a child,Rory looked at her as if she were like a it,Rory looked at her as if she were like a child again
My eyes teared up and I could feel my face turning [red],My eyes teared up and I could feel my face turning like a bruised tomato.,My eyes teared up and I could feel my face turning like a ripening tomato.,My eyes teared up and I could feel my face turning like a tomato,My eyes teared up and I could feel my face turning like a tomato,My eyes teared up and i could feel my face turning like a blood,My eyes teared up and I could feel my face turning like a hot poker
"She smirked when she saw me looking at it, eyes huge and mouth [open]","She smirked when she saw me looking at it, eyes huge and mouth like a gaping cave.","She smirked when she saw me looking at it, eyes huge and mouth like a door ajar.","She smirked when she saw me looking at it, eyes huge and mouth like a maw","She smirked when she saw me looking at it, eyes huge and mouth like a fish","She smirked when she saw me looking at it, eyes huge and mouth like a book of music","She smirked when she saw me looking at it, eyes huge and mouth like a fish's"
I made quick work of one with my knife and slipped inside [undetected],I made quick work of one with my knife and slipped inside like a night shadow.,I made quick work of one with my knife and slipped inside like a stealthy ninja.,I made quick work of one with my knife and slipped inside like a shadow,I made quick work of one with my knife and slipped inside like a ninja,I made quick work of one with my knife and slipped inside like a this group,I made quick work of one with my knife and slipped inside like a ghost undetected
"He adjusted himself groggily, but upon seeing me, he sprang [upright]","He adjusted himself groggily, but upon seeing me, he sprang up like a soldier at dawn.","He adjusted himself groggily, but upon seeing me, he sprang up like in a panic.","He adjusted himself groggily, but upon seeing me, he sprang like a man possessed","He adjusted himself groggily, but upon seeing me, he sprang like a sprinter","He adjusted himself groggily, but upon seeing me, he sprang like a genetics","He adjusted himself groggily, but upon seeing me, he sprang like a bolt of lightning"
"I needed to keep my cool, but the King surely wasn't making it [easy]","I needed to keep my cool, but the King surely wasn't making it like a gentle stroll in the park.","I needed to keep my cool, but the King surely wasn't making it like any natural setting.","I needed to keep my cool, but the King surely wasn't making it like a chore","I needed to keep my cool, but the King surely wasn't making it like a normal man","I needed to keep my cool, but the king surely wasn't making it like a learn to change car tire","I needed to keep my cool, but the King surely wasn't making it like a game of cards"
"He was executed the next day, and Sparrow was declared [dead]","He was executed the next day, and Sparrow was declared to be like the ghosts of old.","He was executed the next day, and Sparrow was declared like a slain soldier.","He was executed the next day, and Sparrow was declared like a martyr","He was executed the next day, and Sparrow was declared like a traitor","He was executed the next day, and sparrow was declared like a groucho marx","He was executed the next day, and Sparrow was declared like a martyr"
Then there weren’t any more parties as the house became [silent],Then there weren’t any more parties as the house became like an abandoned museum.,Then there weren’t any more parties as the house became like stone.,Then there weren’t any more parties as the house became like a void,Then there weren’t any more parties as the house became like a prison,Then there weren’t any more parties as the house became like a some film,Then there weren’t any more parties as the house became like a tomb
"The man’s pale skin appeared human, but appearances were [extremely deceptive]","The man’s pale skin appeared human, but appearances were like subtle camoflage.","The man’s pale skin appeared human, but appearances were like a trick mirror.","The man’s pale skin appeared human, but appearances were extremely like a mirage","The man’s pale skin appeared human, but appearances were extremely like a shadow","The man’s pale skin appeared human, but appearances were extremely like a person","The man’s pale skin appeared human, but appearances were extremely like a human"
I knew there was pain but this was [intense],I knew there was pain but this was like being seered in the bluest part of a flame.,I knew there was pain but this was like a sharp dagger.,I knew there was pain but this was like a sensory overload,I knew there was pain but this was like a new level of hell,I knew there was pain but this was like a unknown,I knew there was pain but this was like a different kind
"It wouldn't always be noticeable, but it was always [palpable]","It wouldn't always be noticeable, but it was always like the morning dew.","It wouldn't always be noticeable, but it was always like a physical pull.","It wouldn't always be noticeable, but it was always like a tension","It wouldn't always be noticeable, but it was always like a beacon","It wouldn't always be noticeable, but it was always like a god","It wouldn't always be noticeable, but it was always like a shadow"
But when we made contact with them they were very [hesitant],But when we made contact with them they were like shy kindergarteners.,But when we made contact with them they were like shy little girls.,But when we made contact with them they were like a deer in headlights,But when we made contact with them they were like a hivemind,But when we made contact with them they were like a dartboard,But when we made contact with them they were like a 'troubled bunch'
"He had a wide smile, but his eyes were cold, yet [intense]","He had a wide smile, but his eyes were cold, yet intense like polar ice.","He had a wide smile, but his eyes were cold, yet like a piercing breeze.","He had a wide smile, but his eyes were cold, yet like a spotlight","He had a wide smile, but his eyes were cold, yet like a predator","He had a wide smile, but his eyes were cold, yet like a wet grass","He had a wide smile, but his eyes were cold, yet like a hawk"
"The knocking on the door was more assertive now, more [confident]","The knocking on the door was more assertive now, more like a herald's declaration.","The knocking on the door was more assertive now, more like a woman who knows what she wants.","The knocking on the door was more assertive now, like a man with more confidence","The knocking on the door was more assertive now, like a person","The knocking on the door was more assertive now, like a peter","The knocking on the door was more assertive now, like a knock"
They put up a brave face as governments become [increasingly authoritarian],They put up a brave face as governments become like tightening iron fists.,They put up a brave face as governments become more like a dystopia.,They put up a brave face as governments become increasingly like a dictatorship,They put up a brave face as governments become increasingly like a mask,They put up a brave face as governments become increasingly like a i hate,They put up a brave face as governments become increasingly like a cult
An ordinary citizen coming to power in this way is [unprecedented],An ordinary citizen coming to power in this way is like a green moon.,An ordinary citizen coming to power in this way is like a new chapter in history.,An ordinary citizen coming to power in this way is like a revolution,An ordinary citizen coming to power in this way is like a fairy tale,An ordinary citizen coming to power in this way is like a i hate,An ordinary citizen coming to power in this way is like a coup
Yet as the days would pass the user would become [increasingly distressed],Yet as the days would pass the user would become like a sapling bending in a hurricane.,Yet as the days would pass the user would become more like a lost student.,Yet as the days would pass the user would become increasingly like a child in a car wreck,Yet as the days would pass the user would become increasingly like a ghost,Yet as the days would pass the user would become increasingly like a night sky,Yet as the days would pass the user would become increasingly like a ghost
After decades of drought the Western United states is declared [uninhabitable],After decades of drought the Western United states is declared like a sandy death trap.,After decades of drought the Western United states is declared like a wasteland.,After decades of drought the Western United states is declared like a desert,After decades of drought the Western United states is declared like a dry lake bed,After decades of drought the western united states is declared like a wall,"After decades of drought the Western United states is declared like a ""Drought Zone"""
"You both have something important to say, but time is [short]","You both have something important to say, but time is like a half-blink.","You both have something important to say, but time is like a dwindling hourglass.","You both have something important to say, but time is like a time traveler's lifespan","You both have something important to say, but time is like a desert","You both have something important to say, but time is like a jokeys","You both have something important to say, but time is like a clock"
"You're the only one who notices, but you're remarkably [unfazed]","You're the only one who notices, but you're remarkably like a level-headed pilot.","You're the only one who notices, but you're remarkably like a cool professional.","You're the only one who notices, but you're remarkably like a perfectly normal person","You're the only one who notices, but you're remarkably like a ghost","You're the only one who notices, but you're remarkably like a depress person","You're the only one who notices, but you're remarkably like a child"
The child's job is to attract followers to make their deity more [powerful],The child's job is to attract followers to make their deity more like an omniscient emperor.,The child's job is to attract followers to make their deity more like an almighty being.,The child's job is to attract followers to make their deity more like a cult,The child's job is to attract followers to make their deity more like a god,The child's job is to attract followers to make their deity more like a natural energy,The child's job is to attract followers to make their deity more like a human being
"Everyone is a robot subtly testing you, but you are starting to get [suspicious]","Everyone is a robot subtly testing you, but you are starting to get like an amateur detective.","Everyone is a robot subtly testing you, but you are starting to get like a skeptical Stepford wife.","Everyone is a robot subtly testing you, but you are starting to get like a conspiracy theorist","Everyone is a robot subtly testing you, but you are starting to get like a boss","Everyone is a robot subtly testing you, but you are starting to get like a ceiling","Everyone is a robot subtly testing you, but you are starting to get like a human"
You have no idea why people suddenly have become [sick],You have no idea why people suddenly have become like pale frail zombies.,You have no idea why people suddenly have become like lepers.,You have no idea why people suddenly have become like a plague of locusts,You have no idea why people suddenly have become like a cult of personality,You have no idea why people suddenly have become like a peter,You have no idea why people suddenly have become like a zombie
"Their nuclear program however, has fallen [flat]","Their nuclear program however, has fallen like a chopped tree in a field.","Their nuclear program however, has fallen like our dissapointed expectations.","Their nuclear program however, has fallen like a brick on its face","Their nuclear program however, has fallen like a rock","Their nuclear program however, has fallen like a earth","Their nuclear program however, has fallen like a stone"
You can freely switch between them but the rest go [completely lifeless],"You can freely switch between them, but the rest go like extinguished flames.",You can freely switch between them but the rest go like a deflated dummies.,You can freely switch between them but the rest go completely like a static screen,You can freely switch between them but the rest go completely like a game,You can freely switch between them but the rest go completely like a mountain be high valley,You can freely switch between them but the rest go completely like a game
"The suspect on your biggest case is squeaky clean, but you know they're [guilty]","The suspect on your biggest case is squeaky clean, but you know they're like a gold cup full of dirt.","The suspect on your biggest case is squeaky clean, but you know it's like they're like the blood is on their hands.","The suspect on your biggest case is squeaky clean, but you know they're like a guilty man","The suspect on your biggest case is squeaky clean, but you know they're like a ticking time bomb","The suspect on your biggest case is squeaky clean, but you know they're like a person who commit crime","The suspect on your biggest case is squeaky clean, but you know they're like a ghost"
"Several thousand years in the future, humans evolved to be [emotionless]","Several thousand years in the future, humans evolved to be like fleshed automatons.","Several thousand years in the future, humans evolved to be like robots with skin.","Several thousand years in the future, humans evolved to be like a computer","Several thousand years in the future, humans evolved to be like a virus","Several thousand years in the future, humans evolved to be like a unknown","Several thousand years in the future, humans evolved to be like a dog"
"Amen has fascinating joyful dreams every night, while his real life is [unbearable]","Amen has fascinating joyful dreams every night, while his real life is like a perpetual thunderstorm of misuer.","Amen has fascinating joyful dreams every night, while his real life is like a more miserable plotline.","Amen has fascinating joyful dreams every night, while his real life is like a nightmare","Amen has fascinating joyful dreams every night, while his real life is like a bad dream","Amen has fascinating joyful dreams every night, while his real life is like a life","Amen has fascinating joyful dreams every night, while his real life is like a nightmare"
"All contact with the surface has been lost, and the radiation topside is [lethal]","All contact with the surface has been lost, and the radiation topside is like skin-permeating poison.","All contact with the surface has been lost, and the radiation topside is like a ruthless killer.","All contact with the surface has been lost, and the radiation topside is like a bomb","All contact with the surface has been lost, and the radiation topside is like a wasteland","All contact with the surface has been lost, and the radiation topside is like a gunfire","All contact with the surface has been lost, and the radiation topside is like a black hole"
You are at a business dinner with your boss when your phone rings out [loud],You are at a business dinner with your boss when your phone rings out like a scream echoing through a canyon.,You are at a business dinner with your boss when your phone rings out like a petulant child.,You are at a business dinner with your boss when your phone rings out like a church bell,You are at a business dinner with your boss when your phone rings out like a siren,You are at a business dinner with your boss when your phone rings out like a voice,You are at a business dinner with your boss when your phone rings out like a bomb
A global catastrophe causes all major technology to be rendered [useless],A global catastrophe causes all major technology to be rendered like burned ashes.,A global catastrophe causes all major technology to be rendered like a phased out iPhone charger.,A global catastrophe causes all major technology to be rendered like a computer chip,A global catastrophe causes all major technology to be rendered like a broken radio,A global catastrophe causes all major technology to be rendered like a war,A global catastrophe causes all major technology to be rendered like a failed satellite
We have learned that the ending of the Earth is imminent and [unavoidable],We have learned that the ending of the Earth is imminent like a blak hole's event horizon.,We have learned that the ending of the Earth is imminent and like death and taxes.,We have learned that the ending of the Earth is imminent and like a bad deal,We have learned that the ending of the Earth is imminent and like a plague,We have learned that the ending of the earth is imminent and like a wood furniture,We have learned that the ending of the Earth is imminent and like a nuclear holocaust
"On your way to work, you notice the world is [unnaturally calm]","On your way to work, you notice the world is like a hushed preschool classroom.","On your way to work, you notice the world is like a drugged out patient.","On your way to work, you notice the world is unnaturally like a still and quiet","On your way to work, you notice the world is unnaturally like a video game","On your way to work, you notice the world is unnaturally like a it","On your way to work, you notice the world is unnaturally like a movie"
"It was a moonless nights, the air was still and the crickets were [silent]","It was a moonless nights, the air was still and the crickets were like living shadows.","It was a moonless nights, the air was still and the crickets were as if on vacation.","It was a moonless nights, the air was still and the crickets were like a cacophony","It was a moonless nights, the air was still and the crickets were like a symphony","It was a moonless nights, the air was still and the crickets were like a some film","It was a moonless nights, the air was still and the crickets were like a symphony"
"Reincarnation has been proven, memories are now [retrievable]","Reincarnation has been proven, memories are now like items in the school lost and found.","Reincarnation has been proven, memories are now like an accessable photo album.","Reincarnation has been proven, memories are now like a record","Reincarnation has been proven, memories are now like a book","Reincarnation has been proven, memories are now like a it","Reincarnation has been proven, memories are now like a drug"
We're starting to discover life is [oddly permanent],We're starting to discover life is like an immovable mountain.,We're starting to discover life is like an endless road.,We're starting to discover life is oddly like a permanent tattoo,We're starting to discover life is oddly like a video game,We're starting to discover life is oddly like a few thing,We're starting to discover life is oddly like a dream
In the near future e-sports have become extremely popular and [equally profitable],In the near future e-sports have become extremely popular and like a lucrative stock investment.,In the near future e-sports have become extremely popular and like a quick investment.,In the near future e-sports have become extremely popular and equally like a business,In the near future e-sports have become extremely popular and equally like a video game,In the near future e-sports have become extremely popular and equally like a play poker,In the near future e-sports have become extremely popular and equally like a sport
Your dog is very excited to see you and acting [quite peculiar],Your dog is very excited to see you and is acting like a hyperactive sloth.,Your dog is very excited to see you and acting like a cat!,Your dog is very excited to see you and acting quite like a strange person,Your dog is very excited to see you and acting quite like a child,Your dog is very excited to see you and acting quite like a human ear,Your dog is very excited to see you and acting quite like a spoiled brat
Telling lies to the young is [wrong],Telling lies to the young is like clippin the wings of a butterfly.,Telling lies to the young is like breaking an oath.,Telling lies to the young is like a sin,Telling lies to the young is like a poison,Telling lies to the young is like a murder,Telling lies to the young is like a sin.